{
    "location": [51.9286, 7.7148],
    "lookingAt": [51.92858, 7.70754],
    "height": 12,
    "drehWinkel": 0,
    "schwenkWinkel": 0
}